ticker,entry_time,exit_time,entry,stop,target,exit,pnl,R,hold_bars,exit_reason,impulse_L,impulse_H,fib
SPY,2025-09-24 14:00:00+00:00,2025-09-24 14:05:00+00:00,663.1549987792969,662.8549987792969,663.7549987792969,662.8549987792969,-0.2999999999999545,-1.0,1,stop,661.97998046875,664.3300170898438,0.5
SPY,2025-09-26 13:30:00+00:00,2025-09-26 13:35:00+00:00,659.2550048828125,658.9550048828125,659.8550048828125,659.8550048828125,0.6000000000000227,2.000000000000379,1,target,657.1300048828125,661.3800048828125,0.5
SPY,2025-09-29 15:15:00+00:00,2025-09-29 15:20:00+00:00,663.2150268554688,662.9150268554688,663.8150268554688,663.8150268554688,0.6000000000000227,2.000000000000379,1,target,661.1500244140625,665.280029296875,0.5
SPY,2025-09-30 13:40:00+00:00,2025-09-30 13:45:00+00:00,662.8099975585938,662.5099975585938,663.4099975585938,662.5099975585938,-0.2999999999999545,-1.0,1,stop,661.8599853515625,663.760009765625,0.5
SPY,2025-09-30 17:50:00+00:00,2025-09-30 17:55:00+00:00,662.8313293457031,662.5313293457032,663.4313293457031,662.5313293457032,-0.2999999999999545,-1.0,1,stop,661.6099853515625,664.0526733398438,0.5
SPY,2025-10-01 13:35:00+00:00,2025-10-01 13:40:00+00:00,664.52001953125,664.22001953125,665.12001953125,665.12001953125,0.6000000000000227,2.000000000000379,1,target,662.3900146484375,666.6500244140625,0.5
SPY,2025-10-03 17:10:00+00:00,2025-10-03 17:15:00+00:00,671.3224792480469,671.0224792480469,671.9224792480469,671.0224792480469,-0.2999999999999545,-1.0,1,stop,669.969970703125,672.6749877929688,0.5
SPY,2025-10-06 13:55:00+00:00,2025-10-06 14:00:00+00:00,669.9600219726562,669.6600219726563,670.5600219726563,669.6600219726563,-0.2999999999999545,-1.0,1,stop,668.27001953125,671.6500244140625,0.5
SPY,2025-10-06 19:25:00+00:00,2025-10-07 13:30:00+00:00,671.7474975585938,671.4474975585938,672.3474975585938,672.3474975585938,0.6000000000000227,2.000000000000379,7,target,670.9849853515625,672.510009765625,0.5
SPY,2025-10-10 13:35:00+00:00,2025-10-10 13:45:00+00:00,673.0450134277344,672.7450134277344,673.6450134277344,673.6450134277344,0.6000000000000227,2.000000000000379,2,target,672.1500244140625,673.9400024414062,0.5
SPY,2025-10-13 17:50:00+00:00,2025-10-13 17:55:00+00:00,662.4489440917969,662.1489440917969,663.0489440917969,663.0489440917969,0.6000000000000227,2.000000000000379,1,target,659.7678833007812,665.1300048828125,0.5
SPY,2025-10-15 15:40:00+00:00,2025-10-15 15:45:00+00:00,665.2899780273438,664.9899780273438,665.8899780273438,664.9899780273438,-0.2999999999999545,-1.0,1,stop,660.3499755859375,670.22998046875,0.5
SPY,2025-10-16 14:10:00+00:00,2025-10-16 14:15:00+00:00,665.6650085449219,665.3650085449219,666.2650085449219,666.2650085449219,0.6000000000000227,2.000000000000379,1,target,663.25,668.0800170898438,0.5
SPY,2025-10-16 15:30:00+00:00,2025-10-16 15:35:00+00:00,665.9800109863281,665.6800109863282,666.5800109863281,666.5800109863281,0.6000000000000227,2.000000000000379,1,target,663.25,668.7100219726562,0.5
SPY,2025-10-17 13:45:00+00:00,2025-10-17 13:50:00+00:00,659.2200012207031,658.9200012207032,659.8200012207031,659.8200012207031,0.6000000000000227,2.000000000000379,1,target,657.1099853515625,661.3300170898438,0.5
SPY,2025-10-17 14:45:00+00:00,2025-10-17 14:50:00+00:00,660.8525085449219,660.5525085449219,661.4525085449219,661.4525085449219,0.6000000000000227,2.000000000000379,1,target,657.989990234375,663.7150268554688,0.5
SPY,2025-10-17 17:20:00+00:00,2025-10-17 17:30:00+00:00,660.8875122070312,660.5875122070313,661.4875122070313,661.4875122070313,0.6000000000000227,2.000000000000379,2,target,658.1400146484375,663.635009765625,0.5
SPY,2025-10-20 18:45:00+00:00,2025-10-20 19:00:00+00:00,671.2100219726562,670.9100219726563,671.8100219726563,671.8100219726563,0.6000000000000227,2.000000000000379,3,target,670.2100219726562,672.2100219726562,0.5
SPY,2025-10-21 17:05:00+00:00,2025-10-21 17:15:00+00:00,671.625,671.325,672.225,671.325,-0.2999999999999545,-1.0,2,stop,670.260009765625,672.989990234375,0.5
SPY,2025-10-23 19:50:00+00:00,2025-10-24 13:30:00+00:00,671.5550537109375,671.2550537109375,672.1550537109375,672.1550537109375,0.6000000000000227,2.000000000000379,2,target,670.4000244140625,672.7100830078125,0.5
SPY,2025-10-29 14:50:00+00:00,2025-10-29 15:35:00+00:00,688.3025207519531,688.0025207519532,688.9025207519531,688.0025207519532,-0.2999999999999545,-1.0,9,stop,686.905029296875,689.7000122070312,0.5
SPY,2025-10-29 18:30:00+00:00,2025-10-29 18:35:00+00:00,688.135009765625,687.835009765625,688.735009765625,687.835009765625,-0.2999999999999545,-1.0,1,stop,687.3300170898438,688.9400024414062,0.5
SPY,2025-10-31 14:20:00+00:00,2025-10-31 14:25:00+00:00,682.4700012207031,682.1700012207032,683.0700012207031,683.0700012207031,0.6000000000000227,2.000000000000379,1,target,679.8599853515625,685.0800170898438,0.5
SPY,2025-11-11 17:15:00+00:00,2025-11-11 17:45:00+00:00,681.0075073242188,680.7075073242188,681.6075073242188,681.6075073242188,0.6000000000000227,2.000000000000379,6,target,679.8350219726562,682.1799926757812,0.5
SPY,2025-11-11 20:30:00+00:00,2025-11-11 20:50:00+00:00,682.7174987792969,682.4174987792969,683.3174987792969,683.3174987792969,0.6000000000000227,2.000000000000379,4,target,681.885009765625,683.5499877929688,0.5
SPY,2025-11-12 14:55:00+00:00,2025-11-12 15:00:00+00:00,683.6275024414062,683.3275024414063,684.2275024414063,684.2275024414063,0.6000000000000227,2.000000000000379,1,target,682.2949829101562,684.9600219726562,0.5
SPY,2025-11-12 19:25:00+00:00,2025-11-12 19:30:00+00:00,682.5474548339844,682.2474548339844,683.1474548339844,682.2474548339844,-0.2999999999999545,-1.0,1,stop,680.9450073242188,684.14990234375,0.5
SPY,2025-12-02 15:20:00+00:00,2025-12-02 15:25:00+00:00,683.0809936523438,682.7809936523438,683.6809936523438,682.7809936523438,-0.2999999999999545,-1.0,1,stop,682.0919799804688,684.0700073242188,0.5
SPY,2025-12-02 20:50:00+00:00,2025-12-03 14:30:00+00:00,681.5499877929688,681.2499877929688,682.1499877929688,681.2499877929688,-0.2999999999999545,-1.0,2,stop,680.219970703125,682.8800048828125,0.5
SPY,2025-12-03 16:55:00+00:00,2025-12-03 17:00:00+00:00,681.6199951171875,681.3199951171875,682.2199951171875,682.2199951171875,0.6000000000000227,2.000000000000379,1,target,679.6900024414062,683.5499877929688,0.5
SPY,2025-12-04 14:35:00+00:00,2025-12-04 14:40:00+00:00,684.3849487304688,684.0849487304688,684.9849487304688,684.0849487304688,-0.2999999999999545,-1.0,1,stop,683.419921875,685.3499755859375,0.5
SPY,2025-12-04 17:10:00+00:00,2025-12-04 17:15:00+00:00,683.375,683.075,683.975,683.975,0.6000000000000227,2.000000000000379,1,target,682.1699829101562,684.5800170898438,0.5
SPY,2025-12-04 19:05:00+00:00,2025-12-04 19:10:00+00:00,683.8150024414062,683.5150024414063,684.4150024414063,683.5150024414063,-0.2999999999999545,-1.0,1,stop,682.8599853515625,684.77001953125,0.5
SPY,2025-12-05 19:15:00+00:00,2025-12-05 19:55:00+00:00,685.7749938964844,685.4749938964844,686.3749938964844,686.3749938964844,0.6000000000000227,2.000000000000379,8,target,684.5800170898438,686.969970703125,0.5
SPY,2025-12-08 14:40:00+00:00,2025-12-08 14:45:00+00:00,685.6199951171875,685.3199951171875,686.2199951171875,685.3199951171875,-0.2999999999999545,-1.0,1,stop,684.5999755859375,686.6400146484375,0.5
SPY,2025-12-08 20:55:00+00:00,2025-12-09 14:30:00+00:00,683.2950134277344,682.9950134277344,683.8950134277344,682.9950134277344,-0.2999999999999545,-1.0,1,stop,682.1900024414062,684.4000244140625,0.5
SPY,2025-12-09 17:20:00+00:00,2025-12-09 17:35:00+00:00,684.3525085449219,684.0525085449219,684.9525085449219,684.0525085449219,-0.2999999999999545,-1.0,3,stop,683.3200073242188,685.385009765625,0.5
SPY,2025-12-10 18:25:00+00:00,2025-12-10 18:55:00+00:00,682.8349914550781,682.5349914550782,683.4349914550781,682.5349914550782,-0.2999999999999545,-1.0,6,stop,681.4500122070312,684.219970703125,0.5
SPY,2025-12-10 19:45:00+00:00,2025-12-10 19:50:00+00:00,684.6325073242188,684.3325073242188,685.2325073242188,685.2325073242188,0.6000000000000227,2.000000000000379,1,target,682.4450073242188,686.8200073242188,0.5
SPY,2025-12-11 15:20:00+00:00,2025-12-11 15:25:00+00:00,685.7074890136719,685.4074890136719,686.3074890136719,686.3074890136719,0.6000000000000227,2.000000000000379,1,target,682.4450073242188,688.969970703125,0.5
SPY,2025-12-11 20:35:00+00:00,2025-12-11 20:50:00+00:00,688.114990234375,687.814990234375,688.714990234375,688.714990234375,0.6000000000000227,2.000000000000379,3,target,686.97998046875,689.25,0.5
SPY,2025-12-12 19:30:00+00:00,2025-12-12 20:05:00+00:00,681.7572021484375,681.4572021484375,682.3572021484375,682.3572021484375,0.6000000000000227,2.000000000000379,7,target,679.1743774414062,684.3400268554688,0.5
